Bài_số,ROUGE_1,ROUGE_2,ROUGE_L
1,42.72727272727272,8.256880733944953,23.636363636363637
2,35.45150501672241,16.161616161616163,20.735785953177256
3,23.17380352644836,8.10126582278481,16.120906801007553
4,33.0,8.080808080808081,18.0
5,45.0,24.369747899159663,26.66666666666667
6,49.31506849315069,13.888888888888888,24.657534246575345
7,36.01532567049808,20.077220077220076,25.287356321839084
8,46.05678233438486,21.587301587301585,26.49842271293375
9,37.06563706563706,14.78599221789883,25.482625482625483
10,39.62264150943396,11.428571428571429,23.58490566037736
11,32.63888888888889,14.685314685314685,23.61111111111111
12,17.391304347826086,10.574712643678161,15.102974828375284
13,29.09090909090909,13.054830287206265,17.662337662337663
14,38.73873873873874,13.636363636363635,23.423423423423426
15,42.71186440677967,17.064846416382252,23.050847457627118
16,50.35971223021583,10.218978102189782,24.46043165467626
17,38.91891891891891,15.300546448087433,28.10810810810811
18,31.872509960159363,12.851405622489962,24.701195219123502
19,37.35408560311285,20.392156862745097,22.56809338521401
20,49.18032786885246,10.000000000000002,21.311475409836063
21,55.147058823529406,29.629629629629626,33.088235294117645
22,32.69230769230769,6.796116504854369,20.19230769230769
23,34.210526315789465,19.20529801324503,23.684210526315784
24,39.0625,15.748031496062993,24.218749999999996
25,26.923076923076916,7.751937984496124,14.615384615384617
26,32.91139240506329,14.468085106382977,21.940928270042196
27,44.5993031358885,30.175438596491226,33.44947735191637
28,43.71584699453551,17.67955801104972,24.043715846994537
29,19.4331983805668,12.601626016260163,17.00404858299595
30,22.834645669291334,9.523809523809524,18.89763779527559
31,36.933797909407666,15.438596491228068,22.29965156794425
32,48.0,5.479452054794521,29.33333333333334
33,17.40976645435244,9.808102345415778,13.588110403397028
34,24.000000000000004,13.709677419354838,18.400000000000002
35,46.861924686192474,23.628691983122362,25.10460251046025
36,23.72188139059305,13.552361396303903,17.177914110429445
37,23.80952380952381,5.6,15.873015873015875
38,26.984126984126984,17.599999999999998,22.222222222222225
39,26.382978723404253,12.875536480686694,16.170212765957444
40,16.711590296495956,11.38211382113821,14.016172506738547
41,31.515151515151512,11.042944785276074,24.242424242424246
42,38.23529411764706,3.0303030303030307,17.647058823529406
43,20.0836820083682,8.438818565400844,15.899581589958162
44,48.4375,17.460317460317462,29.6875
45,54.545454545454554,18.46153846153846,28.78787878787879
46,12.262156448202958,7.218683651804672,11.839323467230443
47,27.004219409282697,12.765957446808512,18.565400843881857
48,21.052631578947366,10.612244897959183,15.384615384615385
49,44.70588235294118,23.809523809523807,27.058823529411764
50,40.343347639484975,23.376623376623375,24.892703862660944
51,47.61904761904762,17.47572815533981,28.571428571428566
52,24.380952380952376,16.44359464627151,17.904761904761905
53,31.417624521072803,13.8996138996139,22.222222222222225
54,30.175438596491226,11.307420494699647,19.649122807017548
55,17.49271137026239,8.211143695014663,14.577259475218659
56,39.75903614457831,8.536585365853657,20.481927710843376
57,33.83297644539614,14.623655913978496,20.556745182012847
58,27.272727272727277,7.4074074074074066,20.0
59,32.608695652173914,13.86861313868613,21.73913043478261
60,23.88059701492537,9.774436090225565,18.656716417910445
61,29.065743944636672,18.118466898954704,18.685121107266436
62,35.175879396984925,28.42639593908629,31.155778894472363
63,26.294820717131472,9.63855421686747,18.326693227091635
64,39.8576512455516,22.22222222222222,25.622775800711743
65,32.52032520325203,15.573770491803277,21.951219512195124
66,35.29411764705882,18.421052631578945,26.797385620915033
67,20.276497695852534,7.441860465116279,12.90322580645161
68,35.869565217391305,17.58241758241758,22.826086956521742
69,41.29032258064516,9.150326797385622,23.225806451612904
70,30.705394190871367,14.225941422594143,20.746887966804977
71,36.162361623616235,12.639405204460965,21.402214022140225
72,27.083333333333332,16.083916083916087,20.13888888888889
73,17.154811715481173,7.9831932773109235,14.22594142259414
74,21.235521235521233,13.178294573643413,15.830115830115831
75,39.50617283950617,13.278008298755188,22.222222222222225
76,23.700623700623698,15.448851774530272,18.295218295218298
77,33.57664233576642,17.647058823529413,22.62773722627737
78,26.95652173913044,15.789473684210526,20.869565217391305
79,21.51394422310757,13.999999999999998,18.725099601593627
80,45.23809523809524,9.63855421686747,20.238095238095237
81,41.66666666666667,14.457831325301203,25.0
82,27.096774193548384,15.118790496760258,19.35483870967742
83,40.65573770491804,25.742574257425744,24.26229508196721
84,34.96503496503497,17.605633802816907,25.174825174825177
85,47.42268041237113,17.708333333333336,27.835051546391753
86,19.46169772256729,11.64241164241164,15.734989648033126
87,29.433962264150942,15.96958174904943,20.37735849056604
88,26.08695652173913,12.408759124087592,18.115942028985508
89,58.62068965517242,24.561403508771928,32.75862068965517
90,29.343629343629345,11.673151750972762,17.76061776061776
91,32.666666666666664,18.120805369127517,22.666666666666668
92,29.600000000000005,14.516129032258066,20.0
93,46.95652173913044,3.5398230088495577,20.869565217391305
94,53.333333333333336,9.459459459459458,27.999999999999996
95,26.72064777327935,9.795918367346939,20.24291497975708
96,36.28318584070796,12.500000000000004,18.58407079646018
97,28.32618025751073,13.85281385281385,20.600858369098713
98,23.134328358208954,8.270676691729324,16.417910447761194
99,41.935483870967744,21.95121951219512,27.41935483870968
100,27.43362831858407,12.5,16.8141592920354
101,28.84615384615385,10.679611650485436,17.30769230769231
102,34.36123348017621,10.666666666666668,22.90748898678414
103,16.182572614107883,10.833333333333332,12.44813278008299
104,12.82051282051282,6.866952789699571,10.683760683760683
105,51.61290322580645,13.0718954248366,23.2258064516129
106,44.52554744525547,21.323529411764707,25.54744525547445
107,20.06269592476489,10.094637223974761,15.673981191222571
108,48.95104895104895,19.858156028368793,27.97202797202797
109,24.6031746031746,17.928286852589643,17.857142857142858
110,28.05755395683453,13.043478260869565,18.70503597122302
111,36.55913978494624,14.130434782608695,25.806451612903224
112,31.060606060606062,18.3206106870229,21.21212121212121
113,15.899581589958162,7.59493670886076,15.062761506276148
114,37.086092715231786,25.333333333333336,25.165562913907287
115,16.393442622950822,9.09090909090909,12.295081967213116
116,26.956521739130434,19.29824561403509,23.47826086956522
117,33.62831858407079,24.107142857142854,25.663716814159294
118,30.824372759856633,19.494584837545126,22.93906810035842
119,33.33333333333333,12.8,21.42857142857143
120,47.10144927536232,31.386861313868607,34.05797101449276
121,29.629629629629626,14.92537313432836,23.703703703703706
122,28.38137472283814,21.380846325167038,22.61640798226164
123,51.52838427947598,28.193832599118945,28.82096069868996
124,23.970037453183522,12.075471698113208,17.22846441947566
125,33.333333333333336,15.929203539823005,21.05263157894737
126,37.662337662337656,6.578947368421052,20.77922077922078
127,39.85507246376812,21.167883211678834,28.26086956521739
128,27.309236947791167,11.336032388663968,16.867469879518072
129,21.445221445221442,13.583138173302107,18.18181818181818
130,33.08823529411765,14.074074074074073,21.323529411764707
131,30.996309963099634,21.561338289962826,21.40221402214022
132,42.622950819672134,11.049723756906078,22.95081967213115
133,49.361702127659576,18.88412017167382,28.936170212765962
134,21.83098591549296,9.21985815602837,16.19718309859155
135,44.88188976377953,15.079365079365079,24.409448818897637
136,32.18390804597701,14.117647058823529,22.988505747126442
137,40.35087719298245,12.389380530973451,20.175438596491226
138,47.32824427480916,26.153846153846157,25.954198473282442
139,24.657534246575338,16.58986175115207,20.091324200913242
140,19.26605504587156,6.912442396313363,14.220183486238533
141,27.04918032786885,5.785123966942149,16.39344262295082
142,41.904761904761905,19.230769230769234,25.71428571428571
143,27.73109243697479,11.864406779661017,19.327731092436977
144,27.536231884057976,16.78832116788321,18.840579710144926
145,27.05314009661836,16.585365853658537,22.22222222222222
146,41.04803493449782,17.62114537444934,27.07423580786026
147,40.17094017094017,12.93103448275862,23.931623931623932
148,39.50617283950617,12.500000000000004,24.69135802469136
149,53.0035335689046,23.487544483985765,31.09540636042403
150,32.57575757575758,15.267175572519081,22.72727272727273
151,30.651340996168585,19.305019305019304,25.287356321839084
152,45.45454545454545,3.0769230769230766,22.727272727272727
153,46.42857142857144,24.324324324324323,27.678571428571423
154,36.5019011406844,17.624521072796934,22.0532319391635
155,37.34939759036145,9.75609756097561,20.481927710843376
156,25.30612244897959,7.4074074074074066,14.69387755102041
157,33.9622641509434,13.461538461538463,20.754716981132077
158,12.698412698412698,5.466970387243736,11.337868480725623
159,19.795221843003414,4.810996563573884,12.969283276450511
160,28.571428571428577,18.106995884773664,18.775510204081634
161,41.09589041095891,17.24137931034483,27.397260273972602
162,41.904761904761905,27.884615384615387,24.761904761904763
163,40.39408866995073,18.90547263681592,27.586206896551722
164,37.558685446009385,18.009478672985782,21.596244131455396
165,39.86013986013986,12.676056338028168,25.174825174825177
166,26.666666666666668,10.276679841897234,15.686274509803921
167,36.09022556390977,10.606060606060606,20.30075187969925
168,31.57894736842105,16.814159292035395,25.438596491228072
169,26.666666666666668,15.810276679841898,18.03921568627451
170,44.5945945945946,5.47945205479452,17.56756756756757
171,27.368421052631582,14.799154334038056,19.789473684210527
172,35.21126760563381,14.893617021276595,24.647887323943664
173,31.620553359683797,16.26984126984127,20.948616600790512
174,25.179856115107906,13.043478260869565,17.98561151079136
175,31.768953068592058,15.272727272727273,20.938628158844768
176,48.84488448844884,24.58471760797342,25.742574257425744
177,32.7354260089686,20.27027027027027,20.62780269058296
178,38.4,21.774193548387096,27.200000000000003
179,23.021582733812952,2.9197080291970803,12.949640287769787
180,22.821576763485478,16.25,17.012448132780083
181,27.41935483870967,15.447154471544714,21.774193548387093
182,32.99389002036659,20.858895705521473,23.217922606924645
183,41.584158415841586,23.920265780730897,27.062706270627064
184,33.333333333333336,15.887850467289718,23.148148148148152
185,21.96969696969697,2.2900763358778624,15.151515151515152
186,20.750551876379692,10.6430155210643,16.335540838852094
187,14.989293361884371,9.46236559139785,12.84796573875803
188,38.297872340425535,15.827338129496404,28.368794326241137
189,51.74825174825175,15.602836879432624,26.573426573426573
190,43.24324324324324,17.898832684824903,27.7992277992278
191,44.30379746835443,17.8343949044586,25.949367088607595
192,57.831325301204814,19.51219512195122,32.53012048192771
193,34.37500000000001,13.38582677165354,21.09375
194,38.21138211382114,18.032786885245905,24.39024390243903
195,20.105820105820104,10.638297872340424,15.343915343915345
196,29.92125984251968,12.698412698412698,18.89763779527559
197,33.14917127071823,7.82122905027933,20.994475138121548
198,23.140495867768593,1.680672268907563,14.87603305785124
199,34.74178403755869,19.90521327014218,23.474178403755865
200,28.57142857142857,9.90990990990991,21.428571428571427
201,48.96265560165975,19.246861924686193,28.215767634854778
202,40.0,33.093525179856115,25.0
203,44.91525423728813,13.675213675213675,22.88135593220339
204,40.689655172413794,21.527777777777775,26.896551724137936
205,22.317596566523605,11.637931034482756,16.30901287553648
206,31.460674157303377,21.886792452830186,23.220973782771534
207,21.62162162162162,9.33852140077821,17.760617760617762
208,30.98591549295775,16.113744075829384,25.352112676056336
209,16.42512077294686,11.165048543689322,15.458937198067634
210,40.64516129032258,18.831168831168828,25.161290322580648
211,20.302375809935207,10.412147505422993,15.550755939524837
212,26.356589147286826,12.5,17.829457364341085
213,28.782287822878228,19.33085501858736,19.92619926199262
214,29.32330827067669,18.939393939393938,19.548872180451127
215,24.313725490196077,11.067193675889328,18.03921568627451
216,31.944444444444443,11.267605633802818,16.666666666666668
217,37.453183520599254,22.641509433962266,24.719101123595504
218,45.833333333333336,17.894736842105264,29.166666666666668
219,39.87538940809968,23.824451410658305,28.037383177570092
220,31.08108108108108,13.605442176870747,22.2972972972973
221,28.444444444444443,18.750000000000004,19.555555555555557
222,47.179487179487175,22.797927461139896,26.666666666666668
223,31.413612565445032,10.582010582010582,21.98952879581152
224,36.8,18.548387096774192,20.8
225,29.71887550200803,11.336032388663968,20.080321285140563
226,40.55944055944056,17.02127659574468,20.97902097902098
227,19.569471624266143,12.966601178781929,16.829745596868882
228,29.556650246305416,8.955223880597014,20.689655172413794
229,19.428571428571427,14.531548757170171,15.619047619047619
230,21.6,12.90322580645161,13.599999999999998
231,19.108280254777068,11.940298507462687,14.861995753715496
232,26.05633802816901,19.858156028368796,19.71830985915493
233,38.93129770992367,26.153846153846157,25.190839694656486
234,27.636363636363637,15.384615384615385,21.818181818181817
235,27.04918032786885,20.66115702479339,20.491803278688526
236,33.80281690140845,21.98581560283688,24.64788732394366
237,20.661157024793386,7.500000000000001,14.049586776859503
238,15.207373271889402,7.87037037037037,12.442396313364055
239,24.90272373540856,15.686274509803921,19.45525291828794
240,33.457249070631974,12.734082397003746,20.07434944237918
241,49.68152866242038,24.516129032258064,31.84713375796178
242,39.19597989949749,15.228426395939085,24.12060301507538
243,39.00709219858155,13.571428571428571,22.69503546099291
244,34.57943925233645,15.09433962264151,22.429906542056077
245,24.124513618677042,7.8431372549019605,19.45525291828794
246,29.53586497890296,12.76595744680851,19.40928270042194
247,26.923076923076923,15.53398058252427,19.23076923076923
248,32.61802575107296,17.316017316017316,22.317596566523605
249,20.408163265306122,12.295081967213115,14.285714285714285
250,44.06779661016949,15.999999999999998,29.378531073446325
251,47.82608695652174,22.058823529411764,28.985507246376812
252,27.906976744186046,15.625,20.155038759689923
253,34.01360544217687,4.137931034482759,20.408163265306126
254,46.36363636363636,15.596330275229356,25.454545454545453
255,52.41379310344828,26.573426573426573,26.20689655172414
256,40.81632653061225,16.49484536082474,26.53061224489796
257,25.213675213675213,16.738197424892707,18.803418803418808
258,38.75968992248062,20.3125,24.8062015503876
259,34.113712374581944,15.48821548821549,20.73578595317726
260,16.289592760180994,9.545454545454545,14.932126696832581
261,29.055690072639223,16.05839416058394,19.37046004842615
262,32.72727272727273,26.373626373626376,26.909090909090907
263,48.17518248175182,27.20588235294118,31.386861313868607
264,33.175355450236964,16.267942583732058,22.748815165876778
265,47.43589743589743,9.09090909090909,21.794871794871796
266,31.3588850174216,17.54385964912281,18.815331010452958
267,17.72151898734177,9.361702127659575,15.189873417721516
268,29.602888086642597,7.2727272727272725,18.050541516245488
269,50.0,10.81081081081081,23.68421052631579
270,37.810945273631845,13.06532663316583,23.88059701492537
271,31.906614785992222,14.901960784313726,23.346303501945524
272,16.371681415929203,11.555555555555555,12.389380530973451
273,44.303797468354425,6.4102564102564115,21.51898734177215
274,26.446280991735538,8.403361344537814,16.528925619834713
275,31.27962085308057,12.440191387559809,21.80094786729857
276,33.89830508474576,5.982905982905982,17.796610169491526
277,38.20224719101123,12.830188679245284,24.719101123595504
278,16.243654822335024,7.179487179487179,15.228426395939088
279,24.124513618677042,11.76470588235294,17.120622568093385
280,27.659574468085108,17.094017094017094,19.574468085106385
281,32.758620689655174,8.771929824561402,22.413793103448278
282,33.57664233576642,17.647058823529413,24.817518248175183
283,43.90243902439025,20.858895705521473,26.82926829268293
284,55.55555555555556,11.267605633802818,29.166666666666668
285,56.83060109289618,13.259668508287293,28.41530054644809
286,34.013605442176875,19.17808219178082,23.12925170068027
287,19.327731092436977,9.322033898305085,15.126050420168067
288,28.82096069868995,14.977973568281936,22.707423580786024
289,22.76422764227642,10.655737704918034,14.634146341463413
290,15.96452328159645,8.017817371937639,11.973392461197339
291,28.859060402684563,14.864864864864863,18.120805369127517
292,24.034334763948497,11.255411255411255,15.450643776824032
293,21.84873949579832,6.779661016949154,17.647058823529413
294,25.899280575539564,12.318840579710145,16.546762589928058
295,27.046263345195733,15.053763440860216,18.505338078291818
296,32.800000000000004,21.686746987951807,24.4
297,34.146341463414636,3.3057851239669422,21.13821138211382
298,35.80786026200873,32.59911894273128,27.947598253275107
299,40.00000000000001,3.7037037037037033,21.818181818181817
300,40.59040590405905,12.639405204460965,21.40221402214022
301,33.88429752066116,15.833333333333332,22.31404958677686
302,35.07462686567164,14.285714285714285,20.8955223880597
303,23.529411764705884,9.62962962962963,16.176470588235293
304,28.959276018099544,17.272727272727273,21.719457013574665
305,37.17472118959108,14.232209737827716,19.33085501858736
306,14.70019342359768,7.3786407766990285,11.218568665377177
307,32.57918552036199,12.785388127853881,19.004524886877828
308,40.57971014492754,13.86861313868613,22.463768115942027
309,34.234234234234236,7.2727272727272725,20.72072072072072
310,36.92307692307692,21.705426356589147,21.53846153846154
311,50.29940119760479,23.03030303030303,33.532934131736525
312,25.97402597402597,7.860262008733625,17.316017316017316
313,53.21100917431193,13.08411214953271,22.018348623853214
314,27.522935779816514,13.888888888888888,18.348623853211006
315,41.048034934497814,19.383259911894275,27.947598253275107
316,30.28169014084507,11.347517730496454,19.718309859154928
317,56.19834710743802,10.084033613445378,28.09917355371901
318,37.64705882352941,27.38095238095238,28.235294117647058
319,16.16766467065868,6.626506024096386,11.976047904191617
320,40.458015267175576,16.923076923076923,23.664122137404576
321,18.789144050104387,11.320754716981133,15.031315240083506
322,29.629629629629633,3.7735849056603765,18.51851851851852
323,38.56209150326798,20.394736842105267,23.529411764705884
324,31.61764705882353,6.666666666666667,18.38235294117647
325,28.793774319066145,15.686274509803921,21.011673151750973
326,26.69322709163347,14.000000000000002,17.13147410358566
327,27.004219409282705,16.170212765957448,17.72151898734177
328,26.82926829268293,11.475409836065575,18.69918699186992
329,24.40944881889764,14.285714285714288,21.259842519685037
330,27.819548872180448,13.636363636363638,22.55639097744361
331,34.53237410071942,16.666666666666668,25.899280575539567
332,30.964467005076145,12.755102040816327,19.289340101522843
333,27.118644067796616,18.430034129692835,18.305084745762716
334,43.09764309764309,17.627118644067796,22.895622895622896
335,25.09505703422053,16.85823754789272,19.771863117870723
336,33.44481605351171,18.855218855218855,21.404682274247495
337,27.11864406779661,4.2735042735042725,17.796610169491526
338,26.877470355731226,8.764940239043824,17.391304347826086
339,31.734317343173434,17.843866171003718,21.40221402214022
340,21.42857142857143,13.600000000000001,16.666666666666664
341,25.64102564102564,10.33210332103321,19.04761904761905
342,40.692640692640694,18.340611353711793,21.645021645021643
343,32.773109243697476,16.101694915254235,23.52941176470588
344,15.717092337917485,7.495069033530571,14.145383104125738
345,49.664429530201346,22.972972972972975,28.187919463087248
346,28.671328671328673,11.971830985915492,19.58041958041958
347,34.509803921568626,14.229249011857709,21.176470588235293
348,26.666666666666668,9.486166007905139,18.823529411764707
349,40.32258064516129,11.475409836065573,25.806451612903224
350,27.10622710622711,10.33210332103321,21.978021978021978
351,37.41935483870968,16.883116883116884,25.806451612903224
352,34.285714285714285,15.107913669064748,23.57142857142857
353,34.61538461538461,14.285714285714288,25.641025641025646
354,14.945054945054945,10.596026490066226,12.74725274725275
355,40.909090909090914,17.241379310344826,25.0
356,27.0509977827051,15.590200445434299,18.181818181818183
357,38.37638376383764,17.843866171003718,24.354243542435423
358,30.000000000000004,19.597989949748744,22.0
359,36.666666666666664,24.161073825503358,26.666666666666668
360,34.74903474903475,10.116731517509727,22.39382239382239
361,30.769230769230766,19.379844961240313,26.153846153846157
362,33.098591549295776,16.31205673758865,19.014084507042252
363,28.57142857142857,5.932203389830509,17.647058823529413
364,17.263157894736842,7.188160676532769,12.63157894736842
365,31.6205533596838,23.10756972111554,22.134387351778656
366,19.76284584980237,10.358565737051794,15.019762845849801
367,18.64406779661017,11.06382978723404,14.83050847457627
368,43.715846994535525,18.784530386740332,22.95081967213115
369,42.142857142857146,20.863309352517987,23.57142857142857
370,29.962546816479396,12.830188679245284,17.97752808988764
371,34.10852713178294,11.718749999999998,19.37984496124031
372,40.0,8.695652173913045,22.857142857142858
373,24.120603015075375,12.182741116751268,17.085427135678394
374,12.526997840172784,6.507592190889372,11.23110151187905
375,36.27906976744186,11.267605633802816,22.325581395348834
376,36.8,15.32258064516129,21.6
377,24.369747899159666,10.169491525423728,15.126050420168067
378,41.80790960451977,16.0,25.988700564971758
379,46.15384615384615,20.869565217391305,27.350427350427353
380,24.528301886792455,11.428571428571429,16.037735849056602
381,14.537444933920701,10.176991150442475,13.656387665198238
382,45.714285714285715,11.560693641618498,26.285714285714285
383,22.053231939163496,11.494252873563218,16.73003802281369
384,31.57894736842105,15.04424778761062,19.298245614035086
385,40.74074074074075,8.75,19.753086419753085
386,36.95652173913043,14.5985401459854,23.188405797101446
387,42.028985507246375,11.76470588235294,24.63768115942029
388,39.43661971830986,23.404255319148938,22.535211267605632
389,36.704119850187276,18.11320754716981,21.722846441947567
390,29.71887550200803,12.145748987854251,18.473895582329316
391,27.509293680297397,10.486891385767791,18.587360594795538
392,40.95563139931741,28.865979381443303,25.938566552901023
393,17.40976645435244,9.381663113006397,13.588110403397028
394,18.79194630872483,8.089887640449438,13.422818791946309
395,39.655172413793096,7.017543859649122,25.862068965517242
396,23.272727272727273,10.98901098901099,16.0
397,21.777777777777775,10.267857142857142,15.111111111111114
398,40.0,11.881188118811883,23.606557377049185
399,23.711340206185568,16.580310880829014,18.556701030927837
400,20.48780487804878,11.27450980392157,15.121951219512194
401,34.78260869565217,6.666666666666667,21.739130434782606
402,41.02564102564102,14.760147601476014,23.44322344322344
403,28.24427480916031,8.461538461538462,15.267175572519081
404,37.49999999999999,11.023622047244096,24.218750000000004
405,16.0676532769556,7.218683651804672,12.684989429175475
406,44.91228070175438,26.14840989399293,26.666666666666668
407,21.774193548387096,12.195121951219512,17.741935483870964
408,36.63366336633664,15.422885572139302,22.277227722772277
409,34.98349834983499,13.289036544850497,23.1023102310231
410,43.58974358974359,23.27586206896552,27.350427350427353
411,32.72727272727273,18.34862385321101,22.72727272727273
412,32.60869565217391,21.167883211678834,26.811594202898554
413,30.483271375464682,10.486891385767791,18.587360594795538
414,50.70422535211267,8.57142857142857,23.943661971830984
415,28.776978417266186,6.521739130434782,15.827338129496402
416,24.264705882352942,11.11111111111111,16.176470588235293
417,30.996309963099634,14.869888475836435,18.45018450184502
418,36.68122270742358,22.02643171806168,23.580786026200872
419,34.129692832764505,11.683848797250858,21.843003412969285
420,17.61252446183953,12.180746561886052,16.046966731898237
421,39.106145251396654,10.169491525423728,22.3463687150838
422,13.761467889908257,5.555555555555555,11.009174311926607
423,29.1970802919708,10.294117647058822,17.51824817518248
424,30.4,15.32258064516129,20.0
425,28.148148148148145,14.17910447761194,16.296296296296294
426,18.89763779527559,12.698412698412701,14.173228346456693
427,30.9433962264151,7.604562737642586,18.113207547169814
428,32.0855614973262,8.64864864864865,19.25133689839572
429,23.04832713754647,8.98876404494382,15.613382899628252
430,20.253164556962027,8.510638297872342,15.189873417721516
431,31.25,16.53543307086614,23.4375
432,30.0,25.899280575539567,23.571428571428573
433,29.838709677419356,17.073170731707318,24.193548387096772
434,23.628691983122362,16.52542372881356,18.9873417721519
435,27.376425855513308,10.727969348659002,18.25095057034221
436,27.424749163879596,17.508417508417512,22.073578595317723
437,25.49800796812749,7.228915662650602,15.936254980079681
438,38.0952380952381,22.06896551724138,23.129251700680275
439,31.16883116883117,11.842105263157892,20.77922077922078
440,17.429193899782135,9.628008752735228,13.0718954248366
441,27.41935483870968,8.130081300813007,19.354838709677416
442,28.965517241379306,12.5,20.0
443,26.373626373626376,16.974169741697416,23.44322344322344
444,31.967213114754102,16.528925619834713,21.311475409836063
445,22.857142857142858,12.345679012345679,18.775510204081634
446,31.802120141342755,17.081850533807827,21.908127208480565
447,43.70860927152317,25.333333333333336,27.814569536423843
448,35.294117647058826,5.9523809523809526,21.17647058823529
449,13.24200913242009,6.422018348623854,10.04566210045662
450,16.856492027334852,12.814645308924485,15.034168564920272
451,41.509433962264154,11.464968152866243,25.157232704402517
452,18.7624750499002,12.424849699398797,15.169660678642716
453,33.46938775510205,11.522633744855968,22.85714285714286
454,25.396825396825395,12.0,17.46031746031746
455,25.531914893617024,7.725321888412016,19.574468085106382
456,30.9433962264151,10.64638783269962,23.39622641509434
457,25.108225108225106,7.860262008733625,16.45021645021645
458,34.645669291338585,15.07936507936508,20.47244094488189
459,37.5796178343949,16.666666666666664,24.20382165605096
460,25.59241706161137,16.267942583732058,19.90521327014218
461,17.670682730923694,7.28744939271255,12.851405622489962
462,24.806201550387605,9.375,15.503875968992247
463,16.334661354581673,6.4,12.350597609561753
464,23.043478260869563,13.973799126637557,19.565217391304344
465,20.851063829787233,14.957264957264957,15.74468085106383
466,46.57534246575342,19.31034482758621,29.45205479452055
467,33.734939759036145,12.955465587044534,20.883534136546185
468,18.852459016393443,7.43801652892562,15.573770491803279
469,28.260869565217394,13.86861313868613,20.289855072463773
470,30.000000000000004,17.26618705035971,21.428571428571427
471,21.951219512195124,3.278688524590164,15.447154471544714
472,24.137931034482758,6.25,15.86206896551724
473,44.24778761061947,9.00900900900901,24.7787610619469
474,48.421052631578945,28.975265017667844,30.877192982456137
475,51.546391752577314,12.63157894736842,26.804123711340207
476,25.547445255474454,10.294117647058824,19.708029197080293
477,43.30708661417322,25.396825396825395,26.77165354330708
478,36.9811320754717,12.167300380228136,21.132075471698116
479,32.41106719367588,16.733067729083665,22.134387351778656
480,30.0,20.930232558139533,23.846153846153847
481,27.485380116959064,15.88235294117647,18.128654970760234
482,34.920634920634924,16.0,23.015873015873016
483,38.20224719101124,19.622641509433965,27.71535580524345
484,33.18777292576419,14.977973568281937,20.960698689956335
485,32.19178082191781,15.172413793103448,17.80821917808219
486,32.98245614035088,16.96113074204947,19.649122807017545
487,38.19444444444444,19.58041958041958,27.083333333333332
488,26.573426573426577,14.788732394366196,16.78321678321678
489,36.23188405797102,4.411764705882352,21.73913043478261
490,46.94533762057878,27.184466019417474,27.652733118971057
491,45.0,10.169491525423728,24.999999999999993
492,25.771324863883848,11.293260473588344,18.51179673321234
493,18.556701030927833,11.180124223602485,13.608247422680412
494,27.046263345195737,12.903225806451612,15.658362989323846
495,34.72222222222222,14.685314685314685,20.833333333333336
496,29.059829059829056,14.655172413793101,16.23931623931624
497,35.26170798898072,19.390581717451525,20.9366391184573
498,33.92857142857143,12.727272727272728,21.428571428571427
499,14.718614718614717,11.304347826086957,11.688311688311687
500,21.686746987951803,5.668016194331984,16.064257028112447
501,32.33082706766917,19.6969696969697,25.563909774436087
502,23.82022471910112,8.577878103837472,16.179775280898877
503,25.352112676056336,12.322274881516588,19.71830985915493
504,27.884615384615387,12.62135922330097,21.153846153846157
505,27.722772277227726,6.0,18.81188118811881
506,36.15384615384615,17.829457364341085,20.0
507,34.53237410071942,21.73913043478261,25.179856115107913
508,43.715846994535525,6.629834254143646,22.950819672131146
509,41.34615384615385,16.50485436893204,28.846153846153843
510,49.52380952380952,11.650485436893204,30.476190476190478
511,34.883720930232556,12.499999999999998,23.25581395348837
512,25.915492957746483,15.864022662889516,20.28169014084507
513,15.686274509803921,6.12691466083151,11.328976034858387
514,17.04035874439462,5.429864253393665,13.452914798206278
515,33.463035019455255,15.686274509803924,24.124513618677042
516,20.824295010845987,10.45751633986928,15.184381778741862
517,25.384615384615383,12.4031007751938,16.92307692307692
518,16.519174041297934,11.275964391691394,14.15929203539823
519,33.46007604562738,18.390804597701152,24.334600760456276
520,41.35021097046413,13.617021276595745,27.004219409282705
521,33.33333333333333,18.181818181818183,22.52252252252252
522,20.769230769230766,12.4031007751938,16.153846153846153
523,14.22413793103448,5.627705627705628,10.775862068965518
524,26.61596958174905,13.793103448275861,19.77186311787072
525,40.43321299638989,21.09090909090909,24.548736462093867
526,25.498007968127485,15.261044176706829,16.73306772908367
527,34.126984126984134,23.2,27.77777777777778
528,14.400000000000002,10.843373493975903,12.4
529,23.63636363636364,17.351598173515985,20.0
530,19.950124688279303,12.531328320802004,16.957605985037404
531,31.65829145728643,19.191919191919194,24.623115577889447
532,27.530364372469634,13.877551020408166,20.242914979757085
533,26.446280991735538,12.5,19.834710743801654
534,29.1044776119403,13.48314606741573,19.029850746268654
535,22.695035460992905,12.351543942992873,16.548463356973997
536,20.758483033932137,11.222444889779558,15.169660678642712
537,49.35064935064935,15.789473684210526,27.27272727272727
538,42.91497975708503,17.142857142857142,29.1497975708502
539,25.92592592592593,5.0,14.814814814814817
540,23.62204724409449,7.142857142857142,16.535433070866144
541,34.862385321100916,23.148148148148145,25.688073394495408
542,26.77165354330709,18.253968253968253,18.897637795275593
543,20.155038759689923,11.673151750972762,16.27906976744186
544,33.146067415730336,15.81920903954802,21.34831460674157
545,25.892857142857146,6.306306306306306,16.071428571428573
546,35.76642335766423,11.76470588235294,21.16788321167883
547,51.42857142857142,15.53398058252427,32.38095238095238
548,20.56737588652482,11.428571428571429,17.73049645390071
549,24.615384615384613,9.30232558139535,17.69230769230769
550,22.36842105263158,10.572687224669602,16.228070175438596
551,34.10852713178294,15.625,23.25581395348837
552,29.508196721311474,15.702479338842975,18.0327868852459
553,33.333333333333336,16.40625,22.480620155038757
554,39.70037453183521,22.641509433962263,23.220973782771537
555,39.43661971830986,13.270142180094787,25.352112676056336
556,39.344262295081975,16.666666666666664,26.22950819672131
557,32.54237288135593,10.921501706484642,20.33898305084746
558,42.91497975708503,22.857142857142858,29.149797570850204
559,25.73529411764706,6.666666666666667,14.705882352941174
560,19.76284584980237,7.9681274900398416,15.019762845849801
561,20.883534136546185,8.467741935483872,14.859437751004014
562,24.166666666666668,14.285714285714288,20.0
563,52.38095238095239,21.232876712328768,24.489795918367346
564,20.689655172413794,12.17391304347826,15.517241379310345
565,21.247113163972287,11.600928074245939,15.704387990762129
566,37.719298245614034,20.353982300884955,21.052631578947366
567,51.764705882352935,19.047619047619047,30.588235294117645
568,31.730769230769234,10.679611650485437,22.115384615384617
569,31.718061674008812,17.77777777777778,21.145374449339208
570,40.74074074074074,15.887850467289722,21.296296296296298
571,27.306273062730625,11.152416356877323,15.498154981549813
572,17.52136752136752,11.587982832618025,14.957264957264957
573,24.050632911392402,13.135593220338984,17.29957805907173
574,39.65517241379311,18.260869565217394,25.0
575,27.636363636363637,13.91941391941392,19.636363636363637
576,31.30434782608696,12.280701754385966,17.391304347826082
577,29.50819672131148,12.541254125412543,20.327868852459016
578,28.888888888888886,16.417910447761198,22.962962962962965
579,38.16793893129771,17.692307692307693,23.66412213740458
580,37.453183520599254,21.886792452830186,20.224719101123593
581,16.19870410367171,12.987012987012985,13.174946004319654
582,26.459143968871597,12.549019607843137,19.45525291828794
583,24.489795918367353,10.933940774487471,17.233560090702944
584,18.53281853281853,7.003891050583659,13.899613899613902
585,46.74329501915708,15.444015444015443,26.81992337164751
586,17.218543046357617,9.312638580931264,15.45253863134658
587,36.018957345971565,21.052631578947373,25.59241706161137
588,31.451612903225808,17.073170731707318,18.548387096774192
589,28.378378378378372,6.802721088435374,16.216216216216214
590,26.022304832713754,13.48314606741573,19.33085501858736
591,31.304347826086953,12.389380530973451,24.347826086956523
592,34.285714285714285,17.30769230769231,22.857142857142858
593,29.757785467128024,16.724738675958186,22.145328719723185
594,29.078014184397162,14.285714285714285,19.858156028368796
595,52.63157894736841,12.5,26.315789473684205
596,35.483870967741936,10.569105691056912,20.967741935483872
597,22.672064777327936,4.8979591836734695,17.813765182186238
598,45.09803921568628,21.782178217821784,24.509803921568626
599,37.569060773480665,17.877094972067038,24.30939226519337
600,26.21359223300971,11.76470588235294,21.35922330097088
601,18.49462365591398,9.935205183585314,12.473118279569892
602,21.83406113537118,8.81057268722467,14.847161572052403
603,24.39024390243903,15.573770491803279,17.88617886178862
604,31.16883116883117,15.720524017467246,23.376623376623375
605,29.885057471264364,20.077220077220076,21.455938697318004
606,33.87096774193548,13.821138211382115,22.58064516129032
607,39.263803680981596,9.937888198757765,22.085889570552148
608,19.48051948051948,8.695652173913043,15.151515151515149
609,29.92125984251969,19.047619047619047,22.83464566929134
610,27.73722627737227,10.294117647058824,19.70802919708029
611,34.88372093023256,21.093750000000004,20.15503875968992
612,29.11877394636015,16.216216216216218,22.222222222222225
613,28.46153846153846,14.728682170542633,20.769230769230766
614,38.54545454545455,24.17582417582418,21.818181818181824
615,32.34042553191489,16.30901287553648,22.97872340425532
616,51.515151515151516,12.307692307692308,27.27272727272727
617,33.333333333333336,15.714285714285717,19.858156028368796
618,45.25547445255474,20.58823529411765,23.357664233576646
619,30.71428571428571,15.827338129496402,20.0
620,25.992779783393505,8.0,18.772563176895304
621,35.29411764705882,15.841584158415841,22.54901960784314
622,33.33333333333333,15.384615384615385,20.0
623,29.43396226415095,14.44866920152091,21.88679245283019
624,28.571428571428577,11.522633744855968,19.591836734693878
625,27.205882352941174,9.629629629629632,17.64705882352941
626,14.4702842377261,6.233766233766233,11.369509043927648
627,30.83333333333333,17.64705882352941,21.666666666666668
628,35.294117647058826,4.8192771084337345,21.176470588235293
629,37.83783783783784,15.646258503401361,25.0
630,33.68421052631579,12.014134275618375,18.94736842105263
631,24.0343347639485,3.463203463203463,14.592274678111592
632,34.48275862068966,15.444015444015443,24.521072796934863
633,61.290322580645174,16.304347826086953,26.88172043010753
634,37.98449612403101,11.718749999999998,20.155038759689923
635,24.16666666666667,13.445378151260504,14.166666666666666
636,32.86713286713287,16.19718309859155,23.076923076923077
637,30.075187969924816,9.090909090909092,15.037593984962408
638,41.463414634146346,19.672131147540988,25.203252032520325
639,26.08695652173913,11.678832116788321,18.84057971014493
640,36.274509803921575,12.871287128712872,21.56862745098039
641,40.0,18.30065359477124,25.80645161290323
642,19.9203187250996,6.425702811244979,14.342629482071715
643,18.8,9.638554216867469,15.600000000000003
644,45.226130653266324,23.350253807106597,29.145728643216085
645,28.89733840304183,18.390804597701152,22.813688212927755
646,54.16666666666665,27.659574468085108,37.49999999999999
647,53.09734513274336,18.01801801801802,28.31858407079646
648,34.48275862068965,14.583333333333334,20.689655172413794
649,22.04724409448819,12.698412698412698,14.173228346456693
650,12.442396313364053,6.944444444444445,10.138248847926267
651,37.03703703703704,13.432835820895525,23.703703703703702
652,33.85826771653544,14.285714285714285,22.834645669291337
653,37.4468085106383,14.592274678111588,21.276595744680854
654,33.33333333333334,16.8141592920354,22.80701754385965
655,53.2258064516129,11.475409836065573,27.41935483870968
656,24.65753424657534,9.216589861751153,16.43835616438356
657,25.570776255707756,14.678899082568808,19.178082191780824
658,44.1025641025641,12.435233160621763,24.615384615384613
659,34.0080971659919,17.142857142857142,20.242914979757085
660,26.666666666666668,10.084033613445378,18.333333333333332
661,17.51152073732719,8.372093023255815,14.74654377880184
662,22.413793103448278,7.826086956521738,15.517241379310345
663,37.33333333333333,19.46308724832215,24.666666666666664
664,29.304029304029307,8.118081180811808,15.384615384615383
665,45.00000000000001,20.253164556962027,28.749999999999996
666,14.634146341463417,7.346938775510203,11.382113821138212
667,25.092250922509223,12.639405204460969,19.18819188191882
668,51.37614678899083,13.084112149532709,29.357798165137616
669,29.090909090909093,17.58241758241758,21.09090909090909
670,26.855123674911656,10.676156583629894,18.37455830388692
671,30.508474576271187,10.285714285714285,18.079096045197744
672,34.027777777777786,11.188811188811188,20.13888888888889
673,30.952380952380953,10.399999999999999,20.634920634920633
674,34.61538461538461,18.6046511627907,26.923076923076923
675,22.916666666666668,9.623430962343095,15.83333333333333
676,43.66197183098592,12.857142857142856,26.760563380281692
677,34.6938775510204,16.49484536082474,19.387755102040817
678,35.16483516483516,4.49438202247191,24.175824175824175
679,46.80851063829787,21.45922746781116,27.23404255319149
680,32.038834951456316,20.588235294117645,19.417475728155342
681,19.730941704035875,8.144796380090497,14.349775784753366
682,33.70786516853933,21.132075471698116,26.96629213483146
683,25.514403292181072,6.639004149377592,15.637860082304531
684,42.96875000000001,13.38582677165354,28.125
685,29.80392156862745,16.600790513833992,18.823529411764707
686,19.153674832962135,5.8165548098434,13.808463251670378
687,30.43478260869565,15.789473684210526,21.73913043478261
688,28.999999999999996,17.17171717171717,23.000000000000004
689,35.3448275862069,21.739130434782606,28.448275862068968
690,47.91666666666667,23.076923076923077,31.25
691,44.6215139442231,34.53815261044176,39.8406374501992
692,35.74468085106383,18.88412017167382,22.127659574468083
693,22.174840085287848,14.5610278372591,17.05756929637527
694,31.372549019607842,15.8102766798419,21.960784313725494
695,35.9375,10.236220472440944,25.0
696,30.827067669172937,15.909090909090907,21.052631578947366
697,44.66019417475729,9.900990099009901,25.24271844660194
698,41.61073825503356,24.48979591836735,33.55704697986578
699,41.29032258064517,18.30065359477124,24.516129032258064
700,24.137931034482758,9.565217391304348,17.24137931034483
701,37.68115942028986,18.248175182481752,22.463768115942027
702,17.505470459518598,8.79120879120879,13.129102844638949
703,31.03448275862069,17.361111111111114,24.827586206896555
704,36.43122676579926,20.224719101123593,23.04832713754647
705,30.88235294117647,11.111111111111112,21.323529411764707
706,31.538461538461537,18.6046511627907,20.0
707,27.86885245901639,8.264462809917356,18.0327868852459
708,28.99628252788104,14.232209737827715,18.58736059479554
709,62.77372262773723,29.629629629629626,35.036496350364956
710,46.34146341463415,2.5,19.51219512195122
711,36.96682464454976,6.698564593301436,20.85308056872038
712,17.03853955375254,10.183299389002036,13.793103448275861
713,34.58646616541354,18.939393939393938,27.06766917293233
714,32.76450511945392,20.618556701030926,24.573378839590443
715,16.803278688524593,9.87654320987654,13.934426229508196
716,12.10762331838565,5.405405405405405,8.968609865470851
717,29.718875502008036,14.5748987854251,23.29317269076305
718,27.555555555555557,18.303571428571427,21.333333333333336
719,33.08823529411765,18.51851851851852,20.588235294117645
720,35.0597609561753,11.244979919678714,19.12350597609562
721,26.153846153846157,15.503875968992247,17.69230769230769
722,20.814479638009047,11.87214611872146,18.099547511312217
723,42.73504273504273,6.956521739130435,20.51282051282051
724,47.916666666666664,17.89473684210526,29.166666666666668
725,25.5,12.562814070351761,18.0
726,31.620553359683797,15.936254980079681,19.762845849802375
727,51.1904761904762,16.867469879518072,29.761904761904763
728,20.535714285714285,8.108108108108109,16.96428571428572
729,30.996309963099634,10.4089219330855,19.92619926199262
730,25.27075812274368,10.909090909090908,14.440433212996389
731,33.83458646616541,19.6969696969697,19.548872180451127
732,36.80555555555556,20.27972027972028,26.388888888888886
733,37.60683760683761,18.10344827586207,23.93162393162393
734,46.99453551912568,8.83977900552486,19.672131147540988
735,39.25233644859813,12.264150943396226,20.5607476635514
736,41.32231404958678,20.833333333333336,25.6198347107438
737,39.823008849557525,16.07142857142857,24.77876106194691
738,27.667984189723327,12.749003984063744,18.181818181818183
739,29.770992366412212,15.384615384615385,18.320610687022903
740,18.984547461368653,13.303769401330376,15.011037527593821
741,30.12048192771084,15.32258064516129,21.285140562248998
742,30.888030888030887,10.116731517509727,19.305019305019304
743,24.47257383966245,13.617021276595745,20.253164556962027
744,27.966101694915256,11.965811965811966,22.033898305084744
745,35.53719008264463,15.0,21.487603305785125
746,35.91836734693877,24.691358024691358,27.755102040816325
747,43.24324324324324,13.698630136986301,22.972972972972972
748,43.866171003717476,18.726591760299627,25.27881040892193
749,54.09836065573771,15.0,29.508196721311474
750,57.377049180327866,21.666666666666668,29.508196721311474
751,29.310344827586203,11.304347826086957,19.82758620689655
752,44.44444444444444,23.595505617977526,31.111111111111118
753,30.17241379310345,16.521739130434785,22.413793103448278
754,25.663716814159287,8.035714285714286,15.044247787610617
755,63.93442622950819,18.333333333333332,26.229508196721312
756,18.584070796460175,8.035714285714288,13.27433628318584
757,30.630630630630627,12.727272727272727,22.52252252252252
758,36.111111111111114,4.225352112676055,25.000000000000007
759,23.826714801444044,12.363636363636363,18.77256317689531
760,40.17094017094017,18.965517241379313,24.786324786324794
761,33.67697594501718,17.301038062283734,22.68041237113402
762,17.114914425427873,9.336609336609335,12.224938875305623
763,36.630036630036635,12.546125461254611,22.71062271062271
764,36.090225563909776,15.909090909090908,25.563909774436087
765,48.421052631578945,26.595744680851062,31.57894736842105
766,30.434782608695656,15.328467153284672,21.73913043478261
767,30.53435114503817,18.46153846153846,25.190839694656493
768,37.14285714285714,19.424460431654676,22.857142857142858
769,36.49122807017544,16.254416961130744,25.964912280701753
770,36.84210526315789,16.814159292035395,23.684210526315788
771,43.773584905660385,28.13688212927757,27.9245283018868
772,45.04504504504504,14.678899082568805,25.225225225225223
773,49.999999999999986,3.9215686274509802,24.999999999999993
774,31.70731707317073,5.0,19.51219512195122
775,27.376425855513315,9.96168582375479,17.490494296577946
776,23.770491803278688,15.702479338842975,19.672131147540984
777,14.498933901918978,4.282655246252677,10.23454157782516
778,16.913319238900637,6.794055201698514,12.684989429175475
779,27.480916030534353,13.07692307692308,20.610687022900763
780,40.27777777777777,12.676056338028168,23.611111111111114
781,35.46099290780142,10.0,22.69503546099291
782,26.890756302521012,15.18987341772152,19.327731092436977
783,31.386861313868614,16.176470588235293,24.08759124087591
784,16.06425702811245,7.28744939271255,12.851405622489962
785,39.84674329501916,12.355212355212355,24.521072796934863
786,15.18987341772152,8.51063829787234,12.658227848101266
787,29.54545454545454,11.450381679389311,19.696969696969695
788,26.484018264840188,7.373271889400922,18.2648401826484
789,29.39068100358423,14.440433212996389,18.63799283154122
790,13.934426229508198,6.99588477366255,9.426229508196721
791,25.600000000000005,15.32258064516129,20.8
792,26.79611650485437,17.15399610136452,20.19417475728155
793,13.90887290167866,10.602409638554217,11.99040767386091
794,19.35483870967742,6.504065040650407,14.516129032258066
795,28.2258064516129,20.325203252032516,24.193548387096776
796,34.71074380165289,18.333333333333336,23.140495867768596
797,35.744680851063826,18.025751072961373,27.23404255319149
798,38.20224719101123,15.849056603773587,25.468164794007492
799,31.06796116504854,5.9405940594059405,23.300970873786405
800,20.408163265306126,10.655737704918034,17.551020408163268
801,29.824561403508774,11.504424778761061,20.175438596491226
802,22.807017543859647,7.079646017699115,19.298245614035086
803,32.846715328467155,17.647058823529413,21.8978102189781
804,31.840796019900502,10.050251256281408,19.90049751243781
805,29.65779467680608,19.157088122605362,17.490494296577946
806,43.75000000000001,21.62162162162162,24.107142857142858
807,29.457364341085267,19.53125,24.031007751937985
808,22.562141491395796,17.274472168905948,17.20841300191205
809,42.74809160305343,4.651162790697675,22.900763358778626
810,24.475524475524473,13.380281690140844,19.58041958041958
811,24.521072796934867,10.038610038610038,15.32567049808429
812,39.516129032258064,25.203252032520325,22.58064516129032
813,33.333333333333336,15.730337078651688,22.222222222222225
814,33.898305084745765,18.803418803418804,26.271186440677962
815,36.04240282685512,24.19928825622776,24.02826855123675
816,48.86877828054298,27.397260273972602,29.86425339366515
817,34.074074074074076,11.194029850746269,20.0
818,30.18867924528302,11.428571428571429,20.754716981132077
819,15.454545454545453,7.339449541284404,13.636363636363638
820,17.021276595744684,8.11965811965812,12.340425531914894
821,30.508474576271187,1.7241379310344827,20.338983050847457
822,30.303030303030305,14.50381679389313,21.969696969696972
823,32.11678832116788,13.970588235294118,18.97810218978102
824,19.854721549636803,10.70559610705596,16.464891041162225
825,32.752613240418114,7.017543859649122,21.602787456445995
826,13.302752293577983,6.912442396313363,12.38532110091743
827,33.83084577114428,16.080402010050253,22.885572139303484
828,54.87804878048781,16.049382716049383,30.48780487804878
829,50.32258064516129,27.450980392156865,34.83870967741935
830,31.343283582089555,13.533834586466165,20.149253731343283
831,32.52032520325203,18.852459016393443,19.51219512195122
832,24.9084249084249,10.33210332103321,17.582417582417577
833,32.055749128919864,25.263157894736842,23.693379790940767
834,40.0,15.053763440860212,27.368421052631582
835,25.85551330798479,9.195402298850574,15.969581749049427
836,44.34782608695652,25.438596491228072,26.086956521739125
837,23.90438247011952,9.63855421686747,18.326693227091635
838,26.96629213483146,6.818181818181819,15.730337078651683
839,44.65408805031447,24.68354430379747,27.67295597484277
840,21.05263157894737,9.795918367346939,14.5748987854251
841,31.818181818181824,15.596330275229361,22.72727272727273
842,31.851851851851855,17.91044776119403,24.444444444444446
843,44.05594405594405,22.535211267605636,26.573426573426573
844,45.56962025316455,32.48407643312102,28.48101265822785
845,42.49999999999999,22.6890756302521,29.166666666666668
846,34.615384615384606,3.9215686274509802,21.153846153846153
847,29.357798165137616,14.769230769230768,19.571865443425075
848,58.44155844155844,30.263157894736846,32.467532467532465
849,48.8,21.774193548387096,27.200000000000003
850,19.083969465648853,9.195402298850574,15.267175572519085
851,27.30923694779116,12.955465587044534,19.277108433734938
852,35.886214442013134,16.263736263736263,21.444201312910284
853,26.666666666666668,15.810276679841898,20.392156862745097
854,34.090909090909086,17.557251908396946,21.969696969696965
855,49.42528735632183,18.6046511627907,28.735632183908045
856,29.166666666666668,13.286713286713288,20.13888888888889
857,20.814479638009047,5.47945205479452,15.384615384615385
858,25.068119891008173,9.863013698630137,18.528610354223435
859,26.515151515151516,12.213740458015266,18.181818181818183
860,33.46613545816734,18.47389558232932,27.091633466135463
861,23.118279569892476,17.83783783783784,17.741935483870968
862,52.17391304347825,32.669322709163346,32.41106719367589
863,41.10671936758893,10.358565737051793,22.134387351778653
864,46.753246753246756,17.105263157894736,27.27272727272727
865,30.493273542600903,16.289592760180994,21.524663677130047
866,20.080321285140563,12.903225806451612,15.662650602409636
867,29.245283018867923,15.238095238095237,20.754716981132074
868,33.333333333333336,10.94890510948905,21.014492753623188
869,29.48717948717949,6.493506493506493,17.948717948717952
870,30.0,11.111111111111112,22.0
871,16.267942583732058,11.057692307692307,15.311004784688995
872,49.411764705882355,33.333333333333336,36.470588235294116
873,40.25157232704403,19.10828025477707,30.188679245283023
874,37.656903765690366,13.502109704641352,20.083682008368207
875,29.411764705882355,9.629629629629628,20.588235294117645
876,31.111111111111107,20.149253731343286,25.185185185185187
877,21.58273381294964,13.043478260869565,17.26618705035971
878,35.83061889250814,11.147540983606559,21.498371335504885
879,7.127882599580712,3.3684210526315788,6.28930817610063
880,15.019762845849801,6.374501992031872,12.648221343873518
881,31.83673469387755,13.168724279835391,23.6734693877551
882,28.346456692913385,8.730158730158731,18.897637795275593
883,32.0,16.129032258064516,23.2
884,32.71375464684015,17.228464419475657,22.304832713754646
885,22.614840989399294,4.982206405693951,16.96113074204947
886,30.894308943089428,9.836065573770492,21.138211382113823
887,38.4,22.58064516129032,27.200000000000003
888,23.52941176470588,11.06719367588933,17.254901960784313
889,30.952380952380953,20.0,23.015873015873016
890,29.213483146067414,20.37735849056603,21.722846441947564
891,16.771488469601675,7.578947368421053,12.159329140461217
892,29.433962264150942,15.209125475285173,20.37735849056604
893,37.39837398373984,20.491803278688526,22.76422764227642
894,31.316725978647682,17.20430107526882,21.352313167259783
895,48.61878453038674,5.58659217877095,20.994475138121548
896,45.84980237154151,21.51394422310757,26.086956521739136
897,33.07692307692307,12.4031007751938,20.76923076923077
898,45.378151260504204,6.837606837606838,25.210084033613445
899,34.285714285714285,12.345679012345679,17.959183673469386
900,36.170212765957444,20.43010752688172,25.53191489361702
901,29.184549356223176,16.379310344827587,18.88412017167382
902,37.58389261744967,22.297297297297295,26.174496644295296
903,27.82608695652174,14.035087719298245,20.000000000000004
904,56.14035087719298,15.384615384615383,32.74853801169591
905,60.9271523178808,17.449664429530202,35.7615894039735
906,37.89473684210526,19.148936170212767,26.31578947368421
907,22.222222222222225,10.4,14.285714285714285
908,42.857142857142854,23.741007194244602,28.57142857142857
909,20.58252427184466,11.695906432748538,14.36893203883495
910,32.86713286713287,18.309859154929576,23.77622377622378
911,31.674208144796385,19.17808219178082,24.434389140271495
912,20.689655172413797,15.584415584415584,15.517241379310349
913,33.82352941176471,14.074074074074074,20.588235294117645
914,25.423728813559325,10.256410256410255,17.796610169491526
915,34.43223443223443,14.760147601476014,19.78021978021978
916,53.93258426966292,13.793103448275861,29.213483146067414
917,31.40495867768595,15.000000000000002,20.661157024793386
918,35.687732342007436,21.722846441947564,23.791821561338292
919,29.343629343629345,14.007782101167315,19.305019305019307
920,28.92561983471074,22.5,22.31404958677686
921,26.35658914728682,14.0625,20.930232558139537
922,25.38293216630197,14.505494505494504,18.380743982494526
923,40.310077519379846,24.21875,26.35658914728682
924,18.691588785046733,13.20754716981132,14.018691588785046
925,21.85792349726776,8.83977900552486,16.393442622950822
926,16.228070175438596,8.370044052863436,12.719298245614036
927,49.777777777777786,26.905829596412556,31.11111111111111
928,39.27272727272727,18.315018315018314,22.545454545454543
929,30.824372759856633,17.32851985559567,20.07168458781362
930,29.203539823008857,16.07142857142857,20.353982300884955
931,36.93693693693694,14.545454545454545,24.324324324324323
932,47.53363228699551,24.434389140271495,28.699551569506728
933,32.857142857142854,18.705035971223023,24.28571428571429
934,32.0675105485232,15.319148936170212,21.940928270042193
935,56.790123456790134,10.126582278481013,34.567901234567906
936,35.772357723577244,9.917355371900827,21.138211382113823
937,25.27075812274368,9.454545454545455,18.772563176895307
938,34.51327433628319,25.0,21.238938053097343
939,57.731958762886606,19.791666666666668,31.958762886597942
940,37.19298245614034,11.307420494699647,23.859649122807014
941,47.05882352941176,19.45945945945946,24.598930481283418
942,39.30131004366812,14.977973568281937,24.45414847161572
943,32.71028037383178,11.320754716981131,21.495327102803735
944,19.957537154989385,11.513859275053305,16.13588110403397
945,25.20325203252033,11.475409836065573,17.886178861788622
946,28.906250000000007,13.385826771653544,18.750000000000004
947,29.565217391304348,10.526315789473683,17.391304347826086
948,25.474254742547426,7.084468664850135,16.260162601626018
949,35.82089552238806,3.0303030303030303,19.40298507462687
950,24.548736462093864,10.909090909090908,17.32851985559567
951,24.85549132947977,11.627906976744185,17.91907514450867
952,31.906614785992222,13.333333333333334,21.01167315175097
953,42.553191489361694,14.388489208633093,26.95035460992907
954,27.77777777777778,9.6,18.253968253968253
955,46.231155778894475,11.167512690355329,23.115577889447238
956,37.88546255506608,18.666666666666668,24.669603524229075
957,24.63768115942029,11.678832116788323,19.565217391304348
958,35.687732342007436,11.98501872659176,18.58736059479554
959,35.71428571428571,17.391304347826086,22.857142857142858
960,19.081272084805654,8.540925266903916,12.014134275618375
961,31.016042780748666,11.89189189189189,19.251336898395724
962,34.48275862068965,13.930348258706468,20.689655172413797
963,28.89733840304183,16.09195402298851,18.2509505703422
964,30.046948356807512,9.47867298578199,19.718309859154928
965,38.961038961038966,20.91503267973856,25.324675324675326
966,28.99628252788104,8.239700374531836,14.869888475836431
967,29.54545454545454,15.267175572519086,18.939393939393938
968,24.365482233502537,18.877551020408163,20.304568527918782
969,46.57534246575342,22.06896551724138,26.71232876712329
970,28.880866425992778,17.454545454545457,20.216606498194945
971,25.806451612903224,16.260162601626018,18.548387096774192
972,32.18390804597702,13.899613899613902,21.455938697318008
973,21.810699588477366,14.049586776859504,16.049382716049383
974,52.336448598130836,19.047619047619047,28.037383177570092
975,29.411764705882355,13.861386138613863,18.627450980392158
976,45.39007092198582,17.14285714285714,26.24113475177305
977,43.33333333333333,23.529411764705884,24.166666666666668
978,22.88135593220339,11.11111111111111,16.949152542372882
979,34.44444444444444,13.48314606741573,23.333333333333332
980,40.65573770491804,21.12211221122112,26.22950819672131
981,46.93140794223826,25.454545454545453,28.880866425992785
982,30.89430894308943,11.475409836065573,19.51219512195122
983,28.205128205128204,18.96551724137931,21.367521367521366
984,33.10810810810811,18.36734693877551,24.324324324324323
985,18.46153846153846,11.037527593818984,15.824175824175827
986,15.652173913043477,10.917030567685588,14.782608695652174
987,23.39622641509434,13.688212927756657,16.60377358490566
988,15.932914046121594,7.999999999999999,11.740041928721173
989,44.84848484848485,18.404907975460123,26.666666666666668
990,15.09433962264151,9.214092140921409,12.398921832884097
991,25.75107296137339,12.121212121212121,17.167381974248926
992,21.15384615384616,14.563106796116504,14.423076923076925
993,38.1294964028777,27.536231884057973,19.424460431654676
994,29.767441860465123,15.023474178403756,17.674418604651166
995,26.297577854671278,12.543554006968643,18.685121107266433
996,36.434108527131784,22.656249999999996,24.031007751937985
997,25.190839694656486,15.384615384615385,16.793893129770996
998,28.57142857142857,10.606060606060606,18.796992481203006
999,44.27480916030534,29.230769230769234,35.1145038167939
1000,36.56716417910448,19.548872180451127,23.134328358208954
